{"stats":{"minecraft:killed_by":{"minecraft:creeper":1,"minecraft:drowned":1,"minecraft:cave_spider":2,"alexsmobs:bone_serpent":1,"minecraft:hoglin":1,"minecraft:skeleton":1},"minecraft:custom":{"lootr:looted_stat":34,"minecraft:interact_with_crafting_table":78,"minecraft:open_barrel":2,"minecraft:bell_ring":10,"minecraft:leave_game":12,"minecraft:time_since_death":263186,"minecraft:sprint_one_cm":1851740,"minecraft:damage_blocked_by_shield":1230,"minecraft:drop":550,"minecraft:talked_to_villager":6,"minecraft:play_time":857076,"minecraft:deaths":8,"minecraft:jump":8303,"minecraft:walk_on_water_one_cm":70016,"minecraft:interact_with_furnace":25,"minecraft:sleep_in_bed":21,"minecraft:damage_dealt":10265,"minecraft:crouch_one_cm":26878,"minecraft:interact_with_smoker":15,"minecraft:mob_kills":69,"minecraft:interact_with_campfire":18,"minecraft:climb_one_cm":13630,"minecraft:walk_one_cm":2201820,"minecraft:sneak_time":12723,"minecraft:walk_under_water_one_cm":20234,"minecraft:boat_one_cm":66753,"minecraft:interact_with_blast_furnace":121,"minecraft:total_world_time":857076,"minecraft:time_since_rest":55987,"minecraft:damage_taken":7396,"minecraft:swim_one_cm":65026,"minecraft:fly_one_cm":1669456,"minecraft:open_chest":893,"minecraft:fall_one_cm":198745},"minecraft:crafted":{"minecraft:oak_planks":32,"create:mechanical_harvester":1,"minecraft:lever":1,"minecraft:iron_bars":16,"minecraft:warped_planks":16,"minecraft:green_dye":9,"create:vertical_gearbox":10,"create:andesite_funnel":6,"create:mechanical_press":1,"minecraft:chest":5,"minecraft:stone_hoe":1,"create:cogwheel":97,"create:track_station":2,"minecraft:furnace_minecart":1,"create:depot":4,"create:gray_seat":1,"create:rose_quartz":8,"minecraft:cooked_porkchop":4,"minecraft:diamond_axe":1,"minecraft:crafting_table":10,"minecraft:wooden_pickaxe":1,"create:zinc_nugget":360,"minecraft:copper_ingot":210,"create:sand_paper":2,"create:gearbox":8,"create:andesite_tunnel":2,"create:controls":1,"minecraft:iron_chestplate":1,"minecraft:paper":6,"create:water_wheel":33,"minecraft:diamond_pickaxe":1,"minecraft:shield":1,"create:super_glue":9,"create:portable_storage_interface":2,"minecraft:stick":8,"minecraft:iron_ingot":156,"minecraft:iron_pickaxe":5,"minecraft:compass":1,"minecraft:iron_block":1,"minecraft:gold_ingot":61,"create:clipboard":1,"create:large_cogwheel":37,"create:chute":4,"minecraft:wooden_sword":1,"minecraft:iron_nugget":171,"minecraft:furnace":1,"minecraft:jungle_trapdoor":8,"minecraft:bone_meal":102,"minecraft:iron_axe":1,"minecraft:slime_ball":2,"minecraft:lime_dye":20,"create:electron_tube":8,"create:filter":1,"minecraft:minecart":1,"minecraft:wheat":108,"minecraft:cooked_beef":7,"create:train_door":6,"create:andesite_alloy":62,"create:brass_tunnel":2,"minecraft:dried_kelp":73,"minecraft:iron_sword":1,"create:dough":4,"create:large_water_wheel":14,"create:schedule":4,"minecraft:jungle_slab":288,"minecraft:bread":36,"minecraft:air":0,"minecraft:jungle_planks":720,"minecraft:jungle_door":6,"minecraft:white_wool":1,"minecraft:white_dye":121,"minecraft:raw_gold":9,"create:mechanical_crafter":21,"minecraft:cherry_door":3,"create:mechanical_drill":18,"create:shaft":40,"minecraft:acacia_planks":8,"minecraft:torch":12,"create:zinc_ingot":164},"minecraft:dropped":{"create:belt_connector":5,"create:super_glue":5,"minecraft:diamond_axe":1,"railways:track_jungle":185,"create:cogwheel":8,"create:incomplete_precision_mechanism":19,"minecraft:jungle_planks":16,"minecraft:rail":1,"minecraft:flint":17,"create:linear_chassis":21,"minecraft:dirt":57,"create:brass_sheet":9,"create:mechanical_arm":4,"create:schedule":2,"justenoughdrugz:medium_quality_meth":3,"minecraft:cornflower":1,"minecraft:crimson_roots":10,"create:iron_sheet":12,"create:large_cogwheel":3,"create:portable_storage_interface":2,"alexsmobs:raccoon_tail":1,"minecraft:gold_ingot":46,"create:crushing_wheel":2,"minecraft:gravel":253,"minecraft:mangrove_roots":1,"minecraft:cherry_stairs":136,"minecraft:iron_nugget":5,"minecraft:cobbled_deepslate":13,"minecraft:wheat":9,"railways:track_cherry":2,"minecraft:rotten_flesh":13,"minecraft:lime_dye":89,"create:controls":1,"minecraft:jungle_trapdoor":1,"create:mechanical_bearing":1,"createcafe:cassava_seeds":52,"alexsmobs:blood_sac":1,"minecraft:jungle_log":44,"create:wrench":2,"create:brass_ingot":53,"create:track_station":1,"create:depot":1,"minecraft:white_dye":638,"create:wheat_flour":80,"minecraft:iron_bars":16,"create:mechanical_harvester":3,"minecraft:warped_wart_block":1,"alexsmobs:banana":1,"minecraft:quartz":2,"minecraft:netherrack":3,"create:andesite_alloy":72,"alexsmobs:mosquito_proboscis":1,"minecraft:water_bucket":1,"minecraft:iron_ingot":76,"minecraft:wheat_seeds":30,"create:polished_rose_quartz":1,"minecraft:minecart":1,"createcafe:coffee_beans":32,"minecraft:cobblestone":140,"justenoughdrugz:coffee_beans":3,"create:chute":5,"minecraft:copper_ingot":86,"minecraft:coal":1,"minecraft:yellow_carpet":7,"minecraft:stick":12,"create:andesite_casing":24,"minecraft:oxeye_daisy":1,"minecraft:diamond_horse_armor":2,"create:brass_hand":11,"minecraft:jungle_slab":1151,"minecraft:diorite":1,"minecraft:green_dye":21,"create:train_door":6,"justenoughdrugz:coca_seeds":3,"create:railway_casing":1,"minecraft:cactus":10,"minecraft:bucket":4,"create:sand_paper":1,"minecraft:redstone":166,"minecraft:dandelion":4,"alexsmobs:maggot":1,"create:shaft":89,"railways:track_incomplete_jungle":168,"minecraft:deepslate":2,"minecraft:tuff":4,"minecraft:deepslate_bricks":3,"create:dough":249,"create:zinc_ingot":20,"justenoughdrugz:low_quality_meth":1,"minecraft:andesite":175,"minecraft:slime_ball":11,"minecraft:bow":3,"create:andesite_funnel":1,"create:golden_sheet":19},"minecraft:killed":{"minecraft:cave_spider":6,"minecraft:spider":6,"minecraft:skeleton":15,"minecraft:pig":11,"minecraft:zombie_villager":1,"alexsmobs:crimson_mosquito":4,"minecraft:sheep":7,"minecraft:zombie":12,"minecraft:cow":4,"alexsmobs:rattlesnake":1,"minecraft:drowned":1,"minecraft:husk":1},"minecraft:used":{"create:deployer":29,"minecraft:iron_shovel":268,"create:portable_storage_interface":5,"minecraft:shield":20,"minecraft:chest":38,"minecraft:iron_sword":207,"minecraft:bell":2,"create:railway_casing":5,"create:analog_lever":1,"minecraft:iron_chestplate":1,"minecraft:mutton":4,"create:white_sail":3,"create:cogwheel":43,"minecraft:jungle_planks":63,"create:mechanical_crafter":22,"minecraft:carrot":9,"minecraft:jungle_slab":2,"minecraft:yellow_candle":3,"minecraft:furnace_minecart":1,"create:depot":17,"minecraft:jungle_sapling":24,"create:controls":1,"minecraft:coal_ore":1,"create:millstone":2,"create:andesite_funnel":18,"create:rotation_speed_controller":4,"create:shaft":93,"create:mechanical_drill":44,"minecraft:furnace":1,"minecraft:egg":1,"create:crushing_wheel":5,"minecraft:cactus":2,"minecraft:wooden_pickaxe":2,"minecraft:diamond_axe":46,"minecraft:sugar_cane":16,"minecraft:oak_leaves":1,"create:spout":1,"railways:track_jungle":29,"minecraft:golden_hoe":35,"minecraft:sand":6,"create:track_station":4,"createcafe:coffee_beans":4,"minecraft:lever":12,"minecraft:melon_slice":33,"minecraft:bread":43,"create:andesite_casing":1,"minecraft:gravel":15,"minecraft:wooden_sword":63,"minecraft:andesite":1,"create:large_cogwheel":6,"create:vertical_gearbox":11,"minecraft:bone_meal":45,"create:clipboard":1,"create:weighted_ejector":6,"minecraft:stone_hoe":5,"minecraft:netherrack":50,"minecraft:torch":54,"minecraft:dirt":289,"railways:track_cherry":1,"create:mechanical_mixer":1,"minecraft:jungle_trapdoor":8,"create:mechanical_plough":2,"minecraft:granite":1,"create:chute":21,"create:wrench":262,"create:gearbox":21,"minecraft:iron_axe":183,"minecraft:jungle_log":100,"create:cart_assembler":13,"alexsmobs:cockroach_ootheca":88,"minecraft:bamboo":30,"create:encased_chain_drive":90,"create:gray_seat":1,"minecraft:light_gray_bed":1,"minecraft:cobbled_deepslate":21,"create:belt_connector":32,"create:gearshift":2,"minecraft:wheat_seeds":42,"minecraft:cooked_mutton":7,"minecraft:water_bucket":46,"minecraft:warped_stem":1,"minecraft:cobblestone_stairs":1,"create:brass_tunnel":7,"minecraft:cherry_planks":2,"create:furnace_minecart_contraption":32,"create:item_drain":1,"minecraft:rail":48,"create:encased_fan":3,"create:brass_funnel":7,"minecraft:crafting_table":5,"create:mechanical_harvester":1,"minecraft:white_bed":2,"create:filter":1,"minecraft:warped_planks":1,"create:linear_chassis":1,"minecraft:diamond_pickaxe":513,"create:mechanical_press":6,"minecraft:cherry_door":1,"minecraft:stripped_jungle_log":1,"minecraft:mangrove_propagule":3,"minecraft:iron_pickaxe":1502,"create:water_wheel":1,"create:mechanical_arm":23,"create:andesite_tunnel":2,"create:large_water_wheel":14,"minecraft:cobblestone":41,"minecraft:porkchop":6,"minecraft:cooked_porkchop":15,"minecraft:bucket":53,"minecraft:yellow_bed":1,"create:hand_crank":1},"minecraft:picked_up":{"minecraft:wheat":30,"alexsmobs:maraca":1,"justenoughdrugz:coca_seeds":5,"minecraft:flower_pot":3,"create:mechanical_crafter":1,"create:spout":1,"create:wrench":2,"create:item_drain":1,"create:furnace_minecart_contraption":1,"minecraft:string":15,"minecraft:raw_copper":241,"minecraft:cobbled_deepslate":276,"minecraft:beetroot":1,"create:andesite_funnel":10,"create:water_wheel":1,"minecraft:sea_pickle":2,"alexsmobs:blood_sac":1,"create:cart_assembler":4,"create:mechanical_press":3,"alexsmobs:banana":5,"minecraft:bucket":4,"alexsmobs:raccoon_tail":1,"minecraft:melon_slice":124,"minecraft:mangrove_log":2,"minecraft:stick":45,"create:mechanical_mixer":1,"create:dough":184,"create_sa:incomplete_heat_engine":1,"minecraft:oak_fence":2,"minecraft:torch":9,"minecraft:acacia_log":2,"create:andesite_casing":41,"minecraft:porkchop":36,"createcafe:cassava_seeds":62,"minecraft:pointed_dripstone":32,"minecraft:diorite":12,"minecraft:warped_planks":1,"create:large_cogwheel":4,"minecraft:cactus":23,"minecraft:light_gray_bed":1,"minecraft:rotten_flesh":15,"createcafe:coffee_beans":49,"create:copper_casing":1,"create:ochrum":1,"minecraft:mangrove_roots":1,"create:mechanical_arm":8,"minecraft:obsidian":21,"minecraft:cobblestone":261,"minecraft:cherry_planks":2,"minecraft:andesite":850,"minecraft:jungle_log":257,"create:belt_connector":12,"minecraft:flint":4,"minecraft:tuff":28,"create:raw_zinc":119,"create:incomplete_precision_mechanism":5,"minecraft:lapis_lazuli":135,"minecraft:dirt":416,"minecraft:name_tag":3,"create:encased_chain_drive":36,"create:mechanical_plough":1,"minecraft:bone":30,"minecraft:bow":3,"minecraft:wheat_seeds":128,"minecraft:raw_gold":94,"create:mechanical_drill":10,"minecraft:bell":2,"create:goggles":1,"create:shaft":166,"minecraft:glowstone_dust":4,"justenoughdrugz:coffee_beans":5,"minecraft:bamboo":40,"create:super_glue":1,"create:gearshift":2,"minecraft:cooked_porkchop":11,"create:cogwheel":7,"minecraft:warped_wart_block":1,"minecraft:sand":8,"minecraft:jungle_planks":255,"minecraft:jungle_slab":760,"alexsmobs:animal_dictionary":1,"minecraft:deepslate":13,"minecraft:yellow_carpet":7,"create:track_station":1,"minecraft:diamond":11,"create:schedule":2,"minecraft:lever":8,"alexsmobs:rattlesnake_rattle":1,"minecraft:granite":17,"minecraft:bone_meal":80,"alexsmobs:maggot":1,"minecraft:netherrack":77,"minecraft:oak_leaves":1,"create:precision_mechanism":1,"minecraft:crimson_roots":10,"create:white_sail":3,"minecraft:diamond_pickaxe":1,"minecraft:crafting_table":3,"minecraft:clay_ball":8,"minecraft:wooden_pickaxe":1,"create:rotation_speed_controller":1,"minecraft:gold_block":2,"minecraft:yellow_candle":3,"create:mechanical_harvester":2,"minecraft:cornflower":1,"minecraft:jungle_trapdoor":1,"minecraft:wooden_sword":1,"minecraft:iron_shovel":1,"create:chute":19,"minecraft:deepslate_diamond_ore":5,"create:brass_funnel":4,"minecraft:beef":9,"minecraft:jungle_sapling":18,"minecraft:iron_nugget":5,"minecraft:minecart":1,"minecraft:sugar_cane":47,"minecraft:chest":59,"create:linear_chassis":21,"minecraft:egg":2,"minecraft:raw_iron":212,"create:railway_casing":7,"minecraft:raw_gold_block":1,"alexsmobs:cockroach_ootheca":88,"create:golden_sheet":1,"minecraft:white_dye":367,"railways:track_incomplete_jungle":62,"create:hand_crank":1,"create:powdered_obsidian":8,"minecraft:carrot":12,"minecraft:redstone":346,"create:brass_casing":7,"create:zinc_ingot":9,"create:vertical_gearbox":2,"create:deployer":28,"minecraft:arrow":19,"minecraft:beetroot_seeds":3,"minecraft:deepslate_bricks":11,"minecraft:hay_block":61,"create:depot":14,"minecraft:saddle":1,"minecraft:gold_ingot":1,"minecraft:mutton":18,"minecraft:bone_block":24,"minecraft:rail":30,"minecraft:white_wool":8,"minecraft:oxeye_daisy":1,"create:crushed_raw_gold":1,"minecraft:glow_ink_sac":4,"minecraft:tripwire_hook":1,"minecraft:leather":3,"minecraft:oak_log":8,"create:andesite_alloy":50,"minecraft:yellow_bed":1,"minecraft:cobblestone_stairs":1,"create:blaze_burner":2,"alexsmobs:mosquito_proboscis":1,"minecraft:cooked_mutton":7,"create:crushing_wheel":7,"minecraft:kelp":137,"minecraft:warped_stem":5,"minecraft:iron_ingot":2,"create:analog_lever":1,"create:mechanical_saw":1,"minecraft:green_dye":2,"railways:track_jungle":3,"minecraft:quartz":2,"minecraft:dandelion":5,"minecraft:dripstone_block":2,"minecraft:gravel":79,"minecraft:white_bed":2,"create:brass_tunnel":2,"create:gearbox":21,"create:wheat_flour":68,"minecraft:stripped_jungle_log":2,"create:brass_hand":11,"create:andesite_tunnel":4,"create:millstone":1,"minecraft:lime_dye":19,"minecraft:coal_ore":1,"minecraft:slime_ball":103,"create:brass_ingot":262,"create:zinc_nugget":576,"create:weighted_ejector":3,"create:rose_quartz":1,"minecraft:gray_wool":2,"create:portable_storage_interface":5,"minecraft:black_wool":4,"minecraft:mangrove_propagule":1,"minecraft:coal":149},"minecraft:broken":{"minecraft:iron_shovel":1,"minecraft:diamond_pickaxe":1,"minecraft:wooden_sword":1,"minecraft:golden_hoe":1,"minecraft:leather_chestplate":1,"minecraft:iron_axe":1,"minecraft:leather_boots":1,"minecraft:iron_pickaxe":6,"minecraft:iron_helmet":1,"create:sand_paper":1},"minecraft:mined":{"create:deepslate_zinc_ore":62,"create:brass_tunnel":1,"minecraft:white_bed":2,"minecraft:farmland":2,"minecraft:jungle_slab":2,"create:andesite_casing":50,"minecraft:jungle_leaves":3,"minecraft:potted_cactus":3,"minecraft:granite":16,"minecraft:acacia_log":2,"minecraft:grass_block":294,"minecraft:light_gray_bed":1,"minecraft:jungle_log":11,"minecraft:deepslate_bricks":7,"create:belt":5,"create:rotation_speed_controller":1,"minecraft:oxeye_daisy":1,"create:weighted_ejector":3,"minecraft:iron_ore":159,"minecraft:cobbled_deepslate":85,"minecraft:deepslate_lapis_ore":4,"minecraft:pointed_dripstone":17,"create:mechanical_plough":1,"create:gearshift":1,"create:mechanical_press":3,"minecraft:jungle_trapdoor":1,"create:item_drain":1,"minecraft:deepslate_redstone_ore":59,"create:cogwheel":2,"minecraft:kelp_plant":9,"minecraft:crimson_nylium":26,"minecraft:torch":8,"minecraft:melon":26,"minecraft:chest":7,"create:brass_casing":7,"minecraft:cobblestone":5,"minecraft:sugar_cane":32,"minecraft:wall_torch":2,"minecraft:deepslate_copper_ore":25,"create:andesite_belt_funnel":4,"create:portable_storage_interface":5,"minecraft:warped_planks":1,"minecraft:wheat":16,"create:mechanical_mixer":1,"create:spout":1,"minecraft:grass":444,"minecraft:oak_log":8,"minecraft:beetroots":1,"minecraft:sand":8,"minecraft:dirt":58,"minecraft:mangrove_log":2,"create:encased_chain_drive":27,"minecraft:netherrack":50,"minecraft:deepslate":195,"create:railway_casing":7,"minecraft:oak_leaves":2,"create:zinc_ore":57,"create:brass_funnel":3,"minecraft:tuff":29,"create:millstone":2,"minecraft:deepslate_diamond_ore":12,"minecraft:mangrove_roots":1,"minecraft:lever":1,"create:large_cogwheel":1,"minecraft:yellow_candle":1,"minecraft:jungle_planks":26,"minecraft:crimson_roots":5,"create:ochrum":1,"create:depot":12,"create:mechanical_arm":4,"minecraft:kelp":2,"minecraft:mangrove_propagule":3,"minecraft:hay_block":62,"minecraft:redstone_ore":8,"create:shaft":34,"minecraft:carrots":3,"minecraft:jungle_sapling":2,"minecraft:raw_gold_block":1,"minecraft:andesite":411,"create:windmill_bearing":1,"minecraft:gold_block":2,"create:cart_assembler":3,"minecraft:deepslate_iron_ore":51,"minecraft:vine":29,"minecraft:rail":14,"create:chute":11,"minecraft:warped_stem":6,"create:deployer":16,"minecraft:stripped_jungle_log":2,"minecraft:bamboo":4,"minecraft:stone":158,"minecraft:bone_block":24,"create:andesite_tunnel":3,"minecraft:dandelion":7,"minecraft:oak_fence":2,"minecraft:crafting_table":1,"minecraft:cornflower":1,"minecraft:copper_ore":42,"minecraft:tall_grass":66,"minecraft:lapis_ore":17,"minecraft:deepslate_gold_ore":84,"minecraft:diorite":12,"minecraft:warped_wart_block":1,"minecraft:cactus":9,"create:mechanical_harvester":1,"minecraft:sea_pickle":1,"create:gearbox":23,"minecraft:birch_leaves":1,"minecraft:yellow_bed":1,"create:crushing_wheel":3,"minecraft:coal_ore":145,"create:mechanical_crafter":1,"minecraft:gravel":21,"minecraft:dripstone_block":2,"minecraft:cobweb":1,"create:andesite_funnel":10,"minecraft:gold_ore":10,"minecraft:fern":4}},"DataVersion":3465}