{"stats":{"minecraft:custom":{"minecraft:jump":80,"minecraft:open_chest":2,"minecraft:time_since_rest":1904,"minecraft:damage_dealt":288,"minecraft:leave_game":1,"minecraft:sprint_one_cm":4568,"minecraft:play_time":1904,"minecraft:damage_taken":60,"minecraft:time_since_death":1904,"minecraft:walk_one_cm":1558,"minecraft:total_world_time":1904,"minecraft:mob_kills":1,"minecraft:fall_one_cm":3417,"minecraft:drop":1,"minecraft:fly_one_cm":18907},"minecraft:broken":{"minecraft:golden_pickaxe":1},"minecraft:killed":{"minecraft:horse":1},"minecraft:mined":{"minecraft:tall_grass":1,"minecraft:grass":11,"minecraft:fern":1},"minecraft:dropped":{"minecraft:wheat_seeds":1},"minecraft:picked_up":{"minecraft:wheat_seeds":2},"minecraft:used":{"minecraft:golden_pickaxe":17}},"DataVersion":3465}