{"stats":{"minecraft:killed_by":{"minecraft:zombie":3,"alexsmobs:bison":1,"alexsmobs:tarantula_hawk":1,"minecraft:wither_skeleton":1,"minecraft:piglin":2,"minecraft:skeleton":1},"minecraft:custom":{"minecraft:interact_with_crafting_table":246,"minecraft:open_barrel":4,"minecraft:bell_ring":110,"minecraft:leave_game":18,"minecraft:time_since_death":268607,"minecraft:play_time":1200699,"minecraft:deaths":15,"minecraft:jump":12191,"minecraft:interact_with_furnace":61,"minecraft:sleep_in_bed":15,"minecraft:damage_dealt":9276,"minecraft:interact_with_smoker":14,"minecraft:inspect_dispenser":1,"minecraft:horse_one_cm":281,"minecraft:sneak_time":89657,"minecraft:interact_with_blast_furnace":149,"minecraft:total_world_time":1202791,"minecraft:time_since_rest":268629,"minecraft:swim_one_cm":241035,"minecraft:fly_one_cm":2746216,"minecraft:open_chest":992,"minecraft:fall_one_cm":335514,"lootr:looted_stat":56,"minecraft:sprint_one_cm":1895987,"minecraft:drop":490,"minecraft:talked_to_villager":4,"minecraft:interact_with_brewingstand":2,"minecraft:walk_on_water_one_cm":182441,"minecraft:crouch_one_cm":315901,"minecraft:mob_kills":53,"minecraft:climb_one_cm":12468,"minecraft:walk_one_cm":2607784,"minecraft:walk_under_water_one_cm":65339,"minecraft:boat_one_cm":151692,"minecraft:damage_taken":12544},"minecraft:crafted":{"minecraft:jungle_button":1,"minecraft:lever":4,"minecraft:diamond_shovel":1,"minecraft:iron_bars":32,"create:vertical_gearbox":21,"create:rotation_speed_controller":3,"minecraft:glass":32,"minecraft:diamond_helmet":1,"minecraft:diamond_leggings":1,"create:mechanical_press":3,"create:brass_funnel":8,"create:cogwheel":406,"create:mechanical_plough":1,"create:rose_quartz":25,"minecraft:jungle_boat":1,"minecraft:jungle_pressure_plate":1,"minecraft:copper_ingot":45,"create:encased_chain_drive":64,"create:mechanical_mixer":3,"create:gearbox":50,"create:encased_fan":8,"minecraft:iron_block":3,"minecraft:gold_ingot":72,"create:large_cogwheel":100,"create:propeller":8,"create:wrench":1,"minecraft:iron_nugget":2493,"create:white_sail":8,"minecraft:bone_meal":192,"minecraft:cherry_stairs":152,"minecraft:stone_pickaxe":1,"minecraft:diamond_boots":1,"create:electron_tube":20,"create:belt_connector":24,"create:windmill_bearing":1,"minecraft:wheat":225,"create:brass_tunnel":4,"minecraft:dried_kelp":128,"create:goggles":2,"minecraft:jungle_slab":444,"create:mechanical_arm":7,"minecraft:wooden_axe":3,"minecraft:iron_shovel":1,"create:shaft":936,"minecraft:oak_planks":32,"minecraft:barrel":10,"minecraft:cherry_slab":366,"create:mechanical_harvester":2,"create:mechanical_bearing":1,"minecraft:heavy_weighted_pressure_plate":2,"create:deployer":14,"minecraft:warped_planks":4,"minecraft:green_dye":8,"create:cart_assembler":1,"minecraft:chest":137,"create:spout":1,"minecraft:rail":16,"create:brass_hand":14,"create:depot":14,"minecraft:crafting_table":10,"create:mechanical_saw":1,"create:fluid_pipe":4,"minecraft:wooden_pickaxe":1,"create:weighted_ejector":7,"create:zinc_nugget":573,"create:sand_paper":2,"create:gearshift":3,"rechiseled:chisel":1,"minecraft:paper":45,"minecraft:diamond_pickaxe":4,"create:water_wheel":20,"minecraft:stick":24,"create:white_seat":10,"create:mechanical_pump":2,"minecraft:iron_ingot":381,"minecraft:deepslate_bricks":688,"create:empty_blaze_burner":3,"minecraft:cherry_planks":1804,"create:chute":8,"minecraft:raw_iron":45,"minecraft:furnace":2,"minecraft:jungle_trapdoor":4,"minecraft:flint_and_steel":1,"minecraft:polished_deepslate":688,"minecraft:iron_axe":3,"minecraft:slime_ball":1,"create:millstone":1,"minecraft:lime_dye":14,"create:fluid_tank":9,"minecraft:warped_button":1,"create:basin":4,"create:analog_lever":1,"minecraft:minecart":1,"create:andesite_alloy":892,"create:hand_crank":1,"minecraft:iron_sword":1,"create:large_water_wheel":19,"create:item_drain":1,"minecraft:bucket":8,"minecraft:bread":64,"minecraft:air":0,"minecraft:jungle_planks":2328,"alexsmobs:maraca":1,"minecraft:white_wool":10,"create:whisk":3,"minecraft:white_dye":112,"create:linear_chassis":27,"create:mechanical_drill":20,"create:zinc_ingot":172,"minecraft:diamond_chestplate":1},"minecraft:dropped":{"create:analog_lever":1,"minecraft:iron_sword":2,"minecraft:porkchop":1,"minecraft:lapis_lazuli":8,"minecraft:diamond":3,"create:incomplete_precision_mechanism":10,"railways:track_jungle":18,"create:cogwheel":1,"minecraft:saddle":1,"minecraft:dirt":29,"create:mechanical_arm":4,"create:schedule":2,"minecraft:bone_meal":80,"create:goggles":1,"minecraft:sand":4,"alexsmobs:raccoon_tail":1,"minecraft:bone":42,"minecraft:lever":3,"create:brass_tunnel":1,"minecraft:iron_nugget":39,"minecraft:golden_chestplate":1,"minecraft:cobbled_deepslate":6,"minecraft:wheat":21,"minecraft:obsidian":8,"minecraft:rotten_flesh":7,"minecraft:lime_dye":42,"create:white_sail":3,"createcafe:cassava_seeds":76,"alexsmobs:blood_sac":1,"create:scoria":1,"minecraft:jungle_log":92,"create:wrench":2,"create:limestone":2,"create:track_station":1,"minecraft:white_dye":146,"minecraft:egg":1,"alexsmobs:mosquito_proboscis":1,"minecraft:iron_ingot":12,"create:rose_quartz":1,"minecraft:wheat_seeds":131,"minecraft:book":5,"minecraft:feather":5,"minecraft:cobblestone":6,"minecraft:coal":4,"create:andesite_casing":11,"minecraft:oxeye_daisy":1,"minecraft:jungle_slab":871,"minecraft:wooden_axe":1,"minecraft:string":15,"minecraft:paper":9,"minecraft:iron_shovel":1,"create:mechanical_drill":10,"create_sa:incomplete_heat_engine":1,"create:brass_funnel":6,"railways:track_incomplete_jungle":17,"minecraft:name_tag":3,"minecraft:pumpkin_seeds":10,"minecraft:suspicious_stew":2,"create:zinc_ingot":493,"minecraft:diamond_pickaxe":1,"minecraft:yellow_bed":1,"create:hand_crank":1,"minecraft:barrel":1,"minecraft:bamboo":1,"minecraft:sandstone":6,"create:andesite_funnel":1,"create:belt_connector":10,"create:super_glue":1,"minecraft:candle":2,"minecraft:jungle_planks":223,"minecraft:flint":3,"create:linear_chassis":21,"minecraft:jungle_button":1,"create:iron_sheet":1,"minecraft:gold_ingot":16,"create:crushing_wheel":4,"minecraft:gravel":178,"minecraft:poppy":1,"create:gearbox":4,"minecraft:beetroot_seeds":2,"minecraft:chest":53,"create:brass_ingot":316,"create:depot":2,"create:wheat_flour":98,"create:mechanical_harvester":1,"minecraft:arrow":6,"create:water_wheel":1,"alexsmobs:banana":3,"minecraft:netherrack":8,"create:andesite_alloy":62,"create:powdered_obsidian":60,"minecraft:bread":5,"minecraft:minecart":1,"createcafe:coffee_beans":79,"create:chute":9,"create:zinc_nugget":576,"minecraft:copper_ingot":596,"minecraft:stick":1,"create:brass_hand":11,"minecraft:diorite":2,"create:blaze_burner":2,"minecraft:green_dye":22,"minecraft:cactus":5,"minecraft:bucket":5,"minecraft:dandelion":13,"minecraft:redstone":60,"alexsmobs:maggot":1,"create:shaft":128,"create:furnace_minecart_contraption":1,"minecraft:tuff":6,"create:encased_chain_drive":13,"minecraft:raw_iron":3,"minecraft:filled_map":1,"create:cart_assembler":2,"create:dough":135,"create:veridium":8,"minecraft:andesite":448,"minecraft:oak_sapling":2,"create:deployer":14,"minecraft:slime_ball":92,"minecraft:stone_pickaxe":1,"minecraft:wooden_pickaxe":1,"minecraft:raw_gold":1,"minecraft:calcite":1,"create:gearshift":1,"create:golden_sheet":2},"minecraft:killed":{"minecraft:skeleton":7,"minecraft:salmon":1,"minecraft:pillager":2,"minecraft:zombie":8,"minecraft:glow_squid":1,"minecraft:cow":1,"alexsmobs:raccoon":1,"minecraft:husk":5,"alexsmobs:hummingbird":1,"minecraft:spider":5,"minecraft:piglin":1,"minecraft:pig":4,"minecraft:creeper":1,"alexsmobs:crimson_mosquito":1,"alexsmobs:terrapin":1,"alexsmobs:fly":1,"minecraft:blaze":1,"alexsmobs:tarantula_hawk":1,"alexsmobs:rattlesnake":2,"alexsmobs:skunk":1,"alexsmobs:cockroach":1,"alexsmobs:crow":1,"minecraft:wither_skeleton":1,"minecraft:villager":1},"minecraft:used":{"create:deployer":1,"minecraft:chest":96,"create:fluid_tank":10,"rechiseled:cherry_planks_wavy":4,"minecraft:cut_copper":1,"create:white_sail":21,"minecraft:jungle_slab":139,"create:depot":17,"minecraft:jungle_sapling":46,"create:controls":1,"minecraft:lava_bucket":35,"minecraft:grass_block":151,"create:andesite_funnel":12,"minecraft:bow":1,"create:rotation_speed_controller":2,"create:shaft":127,"minecraft:furnace":4,"rechiseled:cherry_planks_large_tiles":546,"minecraft:cactus":18,"minecraft:wooden_pickaxe":6,"minecraft:jungle_pressure_plate":1,"minecraft:jungle_boat":6,"create:spout":1,"minecraft:golden_apple":1,"railways:track_jungle":73,"minecraft:sand":37,"minecraft:blast_furnace":3,"minecraft:deepslate_tiles":14,"rechiseled:cobbled_deepslate_stripes":143,"rechiseled:cobbled_deepslate_pillar":467,"minecraft:fire_charge":1,"create:basin":10,"create:weighted_ejector":21,"minecraft:iron_bars":36,"create:veridium":1,"minecraft:netherrack":156,"minecraft:torch":34,"minecraft:golden_shovel":32,"minecraft:jungle_trapdoor":4,"create:wrench":139,"create:gearbox":58,"minecraft:iron_axe":373,"minecraft:cherry_slab":271,"minecraft:jungle_log":153,"alexsmobs:cockroach_ootheca":26,"minecraft:barrel":1,"create:encased_chain_drive":33,"minecraft:beef":3,"create:fluid_pipe":5,"minecraft:cobbled_deepslate":135,"minecraft:cherry_log":6,"create:belt_connector":54,"minecraft:water_bucket":263,"create:brass_tunnel":2,"minecraft:cherry_planks":35,"minecraft:deepslate_bricks":464,"create:blaze_burner":1,"minecraft:rail":4,"create:encased_fan":12,"minecraft:crafting_table":12,"rechiseled:jungle_planks_tiles":24,"minecraft:diamond_pickaxe":5245,"minecraft:diamond_shovel":1741,"minecraft:stripped_jungle_log":2,"minecraft:iron_pickaxe":5,"create:mechanical_arm":49,"create:andesite_tunnel":1,"minecraft:cobblestone":86,"minecraft:porkchop":3,"minecraft:cherry_sapling":52,"minecraft:iron_shovel":252,"create:portable_storage_interface":6,"minecraft:iron_sword":218,"minecraft:bell":2,"create:railway_casing":4,"create:analog_lever":2,"create:mechanical_bearing":1,"create:cogwheel":95,"minecraft:jungle_planks":237,"minecraft:tuff":1,"minecraft:axolotl_bucket":1,"minecraft:obsidian":15,"minecraft:glass":96,"create:millstone":3,"minecraft:jungle_button":1,"create:mechanical_drill":3,"create:schedule":1,"create:crushing_wheel":2,"minecraft:stone_pickaxe":135,"minecraft:oak_planks":1,"minecraft:diamond_axe":278,"minecraft:sugar_cane":15,"create:mechanical_saw":7,"rechiseled:cobbled_deepslate_beams":63,"minecraft:lever":4,"minecraft:heavy_weighted_pressure_plate":4,"minecraft:bread":96,"create:asurine":73,"minecraft:gravel":2,"create:white_seat":9,"minecraft:andesite":2,"minecraft:stripped_cherry_log":3,"create:vertical_gearbox":24,"create:large_cogwheel":85,"rechiseled:cobbled_deepslate_worn_stripes":1,"minecraft:flint_and_steel":1,"create:mechanical_pump":3,"minecraft:dirt":715,"alexsmobs:maraca":5,"create:mechanical_mixer":9,"minecraft:raw_iron_block":1,"minecraft:granite":11,"create:chute":7,"minecraft:wooden_axe":50,"create:cart_assembler":1,"alexsmobs:banana":6,"minecraft:light_gray_bed":3,"create:gearshift":4,"minecraft:amethyst_block":30,"create:train_door":6,"create:item_drain":2,"create:brass_funnel":9,"create:mechanical_harvester":8,"minecraft:smoker":1,"create:linear_chassis":18,"create:mechanical_press":7,"create:windmill_bearing":3,"create:large_water_wheel":22,"minecraft:cherry_stairs":24,"minecraft:bucket":333,"create:hand_crank":5,"alexsmobs:animal_dictionary":1},"minecraft:picked_up":{"justenoughdrugz:coca_seeds":2,"justenoughdrugz:unrefined_lithium":1,"create:wrench":2,"create:item_drain":1,"minecraft:golden_shovel":1,"minecraft:brewing_stand":1,"minecraft:amethyst_block":2,"justenoughdrugz:red_phosphorus":181,"minecraft:string":13,"create:limestone":2,"create:cart_assembler":1,"minecraft:gold_nugget":2,"minecraft:cobbled_deepslate":487,"minecraft:melon_slice":18,"create:train_door":7,"create_sa:incomplete_heat_engine":1,"create:andesite_casing":193,"minecraft:cherry_log":658,"minecraft:light_gray_bed":3,"create:clipboard":1,"createcafe:coffee_beans":142,"create:copper_casing":3,"create:scoria":1,"create:mechanical_arm":15,"minecraft:blaze_rod":1,"minecraft:iron_bars":34,"rechiseled:cherry_planks_wavy":2,"minecraft:water_bucket":1,"minecraft:jungle_log":1093,"minecraft:smoker":1,"minecraft:flint":3,"create:encased_chain_drive":21,"minecraft:stonecutter":1,"create:shaft":135,"minecraft:glowstone_dust":3,"justenoughdrugz:coffee_beans":4,"create:super_glue":5,"justenoughdrugz:low_quality_meth":1,"create:gearshift":2,"minecraft:ink_sac":4,"alexsmobs:animal_dictionary":1,"minecraft:barrel":1,"minecraft:lever":3,"minecraft:granite":23,"minecraft:bread":4,"alexsmobs:maggot":1,"minecraft:cherry_slab":28,"minecraft:crafting_table":4,"minecraft:nether_wart":35,"minecraft:stripped_cherry_log":3,"create:propeller":1,"minecraft:heavy_weighted_pressure_plate":2,"minecraft:cornflower":1,"create:fluid_pipe":3,"minecraft:flint_and_steel":1,"create:brass_funnel":11,"minecraft:beef":3,"create:white_seat":4,"minecraft:poppy":1,"minecraft:jungle_sapling":64,"minecraft:iron_nugget":17,"minecraft:minecart":1,"minecraft:chest":12,"minecraft:egg":1,"create:polished_rose_quartz":1,"minecraft:sandstone":6,"alexsmobs:cockroach_ootheca":26,"rechiseled:cobbled_deepslate_pillar":135,"minecraft:fire_charge":1,"minecraft:white_dye":41,"railways:track_incomplete_jungle":17,"create:powdered_obsidian":21,"minecraft:carrot":11,"minecraft:redstone":257,"create:brass_casing":22,"create:vertical_gearbox":9,"minecraft:beetroot_seeds":2,"minecraft:cut_copper":1,"minecraft:deepslate_bricks":117,"minecraft:hay_block":1,"create:depot":13,"minecraft:gold_ingot":53,"minecraft:rail":46,"minecraft:oxeye_daisy":4,"create:iron_sheet":17,"create:brass_sheet":9,"minecraft:clock":1,"minecraft:tripwire_hook":1,"minecraft:oak_log":8,"minecraft:jungle_button":1,"alexsmobs:mosquito_proboscis":2,"minecraft:white_banner":1,"create:crushing_wheel":6,"rechiseled:cobbled_deepslate_beams":1,"minecraft:kelp":212,"minecraft:warped_stem":1,"create:analog_lever":2,"minecraft:stone_pickaxe":1,"minecraft:iron_sword":2,"create:mechanical_saw":7,"railways:track_jungle":214,"minecraft:gravel":13,"create:gearbox":28,"create:brass_hand":11,"create:millstone":3,"create:weighted_ejector":9,"create:mechanical_pump":1,"minecraft:diamond_axe":1,"create:portable_storage_interface":6,"minecraft:warped_roots":2,"minecraft:mangrove_propagule":2,"minecraft:wheat":13,"alexsmobs:maraca":1,"minecraft:nether_brick_fence":1,"rechiseled:cobbled_deepslate_worn_stripes":1,"minecraft:raw_copper":119,"minecraft:sticky_piston":1,"create:andesite_funnel":8,"create:sand_paper":1,"alexsmobs:blood_sac":2,"create:mechanical_press":5,"alexsmobs:banana":15,"minecraft:bucket":4,"minecraft:redstone_torch":2,"minecraft:calcite":1,"alexsmobs:raccoon_tail":1,"minecraft:furnace":3,"minecraft:stick":254,"create:mechanical_mixer":6,"create:dough":136,"minecraft:torch":18,"minecraft:porkchop":7,"createcafe:cassava_seeds":154,"minecraft:diorite":6,"create:large_cogwheel":36,"minecraft:cactus":34,"minecraft:rotten_flesh":20,"create:asurine":78,"create:veridium":9,"minecraft:obsidian":56,"minecraft:cobblestone":266,"minecraft:cherry_planks":4,"create:fluid_tank":1,"minecraft:andesite":2599,"minecraft:potato":1,"create:belt_connector":11,"minecraft:tuff":27,"create:raw_zinc":230,"create:incomplete_precision_mechanism":1,"minecraft:lapis_lazuli":75,"minecraft:dirt":2317,"minecraft:name_tag":1,"minecraft:bone":8,"minecraft:bow":1,"minecraft:wheat_seeds":254,"minecraft:raw_gold":57,"minecraft:bell":2,"minecraft:oak_planks":19,"create:cogwheel":45,"minecraft:sand":84,"minecraft:jungle_planks":54,"minecraft:jungle_slab":665,"create:track_station":1,"minecraft:diamond":51,"create:schedule":2,"alexsmobs:rattlesnake_rattle":2,"minecraft:oak_sapling":2,"minecraft:netherrack":213,"create:white_sail":2,"minecraft:wooden_pickaxe":1,"create:rotation_speed_controller":1,"create:mechanical_harvester":11,"create:chute":13,"minecraft:candle":8,"justenoughdrugz:weed_seed":1,"create:basin":6,"minecraft:sugar_cane":86,"create:linear_chassis":28,"minecraft:raw_iron":261,"minecraft:cherry_stairs":138,"create:railway_casing":10,"minecraft:copper_ingot":181,"create:golden_sheet":5,"create:windmill_bearing":2,"create:hand_crank":6,"minecraft:stone_pressure_plate":1,"create:zinc_ingot":48,"create:deployer":1,"create:controls":1,"minecraft:arrow":31,"minecraft:nether_bricks":6,"rechiseled:cobbled_deepslate_stripes":2,"minecraft:jungle_boat":5,"minecraft:glow_ink_sac":4,"minecraft:cut_sandstone":58,"minecraft:leather":1,"create:andesite_alloy":278,"minecraft:yellow_bed":1,"minecraft:iron_ingot":64,"minecraft:green_dye":4,"justenoughdrugz:sulfur":104,"create:mechanical_bearing":1,"create:large_water_wheel":3,"rechiseled:cherry_planks_large_tiles":76,"minecraft:pumpkin":11,"minecraft:dandelion":21,"minecraft:quartz":41,"minecraft:raw_iron_block":6,"justenoughdrugz:unrefined_oil":23,"minecraft:blast_furnace":3,"justenoughdrugz:medium_quality_meth":3,"minecraft:white_bed":1,"create:brass_tunnel":1,"minecraft:spider_eye":1,"create:wheat_flour":36,"minecraft:stripped_jungle_log":7,"create:andesite_tunnel":1,"minecraft:lime_dye":28,"create:brass_ingot":49,"create:zinc_nugget":3,"create:encased_fan":7,"minecraft:cherry_sapling":309,"minecraft:coal":122},"minecraft:mined":{"minecraft:white_bed":1,"create:copper_casing":3,"create:andesite_casing":149,"minecraft:cherry_log":19,"minecraft:jungle_leaves":20,"minecraft:obsidian":33,"minecraft:granite":25,"minecraft:yellow_carpet":8,"minecraft:jungle_log":175,"minecraft:light_gray_bed":3,"minecraft:deepslate_bricks":123,"create:belt":4,"create:rotation_speed_controller":1,"minecraft:nether_wart":35,"minecraft:oxeye_daisy":3,"minecraft:spawner":9,"minecraft:tall_seagrass":5,"minecraft:cobbled_deepslate":41,"minecraft:sticky_piston":1,"minecraft:fire":3,"minecraft:pumpkin":11,"minecraft:deepslate_lapis_ore":10,"minecraft:dirt_path":1,"create:gearshift":2,"create:veridium":10,"create:mechanical_press":5,"create:limestone":2,"minecraft:tripwire":1,"minecraft:jungle_button":1,"create:item_drain":1,"create:cogwheel":19,"minecraft:cut_sandstone":40,"minecraft:kelp_plant":43,"minecraft:smoker":1,"minecraft:soul_fire":2,"minecraft:torch":2,"minecraft:blast_furnace":3,"minecraft:melon":3,"create:scoria":1,"create:train_door":1,"minecraft:glass":1,"minecraft:sugar_cane":42,"minecraft:amethyst_block":2,"minecraft:cherry_slab":29,"create:basin":6,"create:andesite_belt_funnel":2,"create:portable_storage_interface":4,"minecraft:wheat":13,"create:mechanical_mixer":6,"create:brass_belt_funnel":1,"minecraft:grass":1207,"create:hand_crank":4,"minecraft:stonecutter":1,"create:linear_chassis":7,"create:railway_casing":6,"minecraft:deepslate":351,"create:zinc_ore":28,"justenoughdrugz:sulfur_ore":104,"create:millstone":2,"minecraft:cherry_sapling":4,"create:fluid_tank":1,"minecraft:nether_bricks":6,"minecraft:jungle_planks":43,"minecraft:redstone_wire":1,"create:encased_fan":7,"create:mechanical_arm":11,"minecraft:kelp":7,"create:shaft":44,"minecraft:jungle_sapling":8,"justenoughdrugz:oil_ore":28,"minecraft:andesite":2415,"minecraft:potatoes":1,"minecraft:vine":47,"minecraft:rail":23,"create:chute":9,"create:deployer":1,"minecraft:cut_copper":1,"rechiseled:cobbled_deepslate_stripes":2,"create:white_seat":4,"railways:track_jungle":14,"minecraft:cherry_planks":4,"rechiseled:cherry_planks_wavy":4,"minecraft:dandelion":19,"minecraft:cornflower":1,"create:fluid_pipe":3,"create:mechanical_pump":1,"minecraft:warped_roots":1,"minecraft:tall_grass":74,"minecraft:copper_ore":35,"minecraft:deepslate_gold_ore":56,"minecraft:diorite":5,"create:mechanical_saw":7,"create:water_wheel_structure":1,"create:gearbox":34,"minecraft:gravel":6,"minecraft:cobweb":2,"create:andesite_funnel":4,"create:deepslate_zinc_ore":203,"minecraft:stone_pressure_plate":1,"minecraft:jungle_slab":2,"minecraft:cobblestone_stairs":1,"minecraft:brewing_stand":1,"minecraft:grass_block":1949,"create:weighted_ejector":9,"minecraft:raw_iron_block":6,"minecraft:glowstone":2,"rechiseled:cobbled_deepslate_worn_stripes":1,"minecraft:iron_ore":90,"create:asurine":82,"minecraft:iron_bars":18,"justenoughdrugz:red_phosphorus_block":55,"rechiseled:cherry_planks_large_tiles":78,"minecraft:deepslate_redstone_ore":20,"create:small_bogey":3,"minecraft:calcite":1,"minecraft:poppy":1,"minecraft:chest":10,"create:brass_casing":22,"minecraft:nether_quartz_ore":41,"minecraft:cobblestone":14,"minecraft:wall_torch":1,"create:large_water_wheel":1,"minecraft:seagrass":2,"minecraft:warped_nylium":5,"justenoughdrugz:lithium_ore":2,"minecraft:oak_log":8,"minecraft:beetroots":2,"minecraft:sand":86,"minecraft:dirt":302,"create:encased_chain_drive":19,"rechiseled:cobbled_deepslate_beams":1,"minecraft:dispenser":1,"minecraft:netherrack":224,"minecraft:oak_leaves":9,"create:brass_funnel":5,"minecraft:nether_gold_ore":1,"minecraft:tuff":32,"minecraft:deepslate_diamond_ore":47,"minecraft:candle":2,"minecraft:stripped_cherry_log":3,"create:large_cogwheel":29,"create:depot":12,"minecraft:mangrove_propagule":3,"minecraft:sandstone":14,"minecraft:furnace":3,"minecraft:heavy_weighted_pressure_plate":2,"minecraft:carrots":11,"minecraft:chiseled_sandstone":2,"create:white_sail":2,"create:scorchia":1,"create:windmill_bearing":1,"minecraft:bell":2,"minecraft:nether_brick_fence":1,"minecraft:deepslate_iron_ore":167,"minecraft:stripped_jungle_log":6,"minecraft:stone":241,"minecraft:cherry_stairs":4,"rechiseled:cobbled_deepslate_pillar":139,"minecraft:crafting_table":5,"minecraft:lapis_ore":1,"minecraft:cactus":2,"create:mechanical_harvester":5,"minecraft:yellow_bed":1,"minecraft:coal_ore":104},"minecraft:broken":{"create:super_glue":2,"minecraft:diamond_pickaxe":2,"minecraft:iron_axe":2,"minecraft:iron_shovel":1,"minecraft:golden_shovel":1,"minecraft:leather_boots":1,"create:sand_paper":3}},"DataVersion":3465}